Frag,0,0,24768,24768,f,0,24768,19814,19814,80.00,80.00,0,0
Frag,1001166,869579,1001422,869835,f,0,256,204,204,80.00,80.00,0,0
Frag,1001494,869907,1001654,870067,f,0,160,128,128,80.00,80.00,0,0
Frag,1004770,1320037,1005090,1320357,f,0,320,256,256,80.00,80.00,0,0
Frag,1004770,584341,1005090,584661,f,0,320,256,256,80.00,80.00,0,0
Frag,1004770,636794,1005090,637114,f,0,320,256,256,80.00,80.00,0,0
Frag,1004770,868533,1005090,868853,f,0,320,256,256,80.00,80.00,0,0
Frag,1004770,930254,1005090,930574,f,0,320,256,256,80.00,80.00,0,0
Frag,1004771,193683,1005091,194003,f,0,320,256,256,80.00,80.00,0,0
Frag,1004771,396627,1005091,396947,f,0,320,256,256,80.00,80.00,0,0
Frag,1004771,576138,1005091,576458,f,0,320,256,256,80.00,80.00,0,0
Frag,1004771,77285,1005091,77605,f,0,320,256,256,80.00,80.00,0,0
Frag,1004777,161548,1005097,161868,f,0,320,256,256,80.00,80.00,0,0
Frag,1004777,404904,1005097,405224,f,0,320,256,256,80.00,80.00,0,0
Frag,1006975,135126,1007135,135286,f,0,160,128,128,80.00,80.00,0,0
Frag,1006975,943549,1007135,943709,f,0,160,128,128,80.00,80.00,0,0
Frag,1007050,723128,1007146,723224,f,0,96,76,76,80.00,80.00,0,0
Frag,1007470,135623,1007662,135815,f,0,192,153,153,80.00,80.00,0,0
Frag,1007505,723583,1007601,723679,f,0,96,76,76,80.00,80.00,0,0
Frag,1007620,723697,1007684,723761,f,0,64,51,51,80.00,80.00,0,0
Frag,1008211,441038,1008691,441518,f,0,480,384,384,80.00,80.00,0,0
Frag,1017946,1262589,1018010,1262653,f,0,64,51,51,80.00,80.00,0,0
Frag,1021286,546330,1021350,546394,f,0,64,51,51,80.00,80.00,0,0
Frag,1030096,19391,1030192,19487,f,0,96,76,76,80.00,80.00,0,0
Frag,1030110,1192883,1030174,1192947,f,0,64,51,51,80.00,80.00,0,0
Frag,1031057,1034801,1031313,1035057,f,0,256,204,204,80.00,80.00,0,0
Frag,1033142,205196,1034390,206444,f,0,1248,998,998,80.00,80.00,0,0
Frag,1033144,1287881,1034392,1289129,f,0,1248,998,998,80.00,80.00,0,0
Frag,1033144,147512,1033400,147768,f,0,256,204,204,80.00,80.00,0,0
Frag,1033674,148046,1033802,148174,f,0,128,102,102,80.00,80.00,0,0
Frag,1034008,148387,1034296,148675,f,0,288,230,230,80.00,80.00,0,0
Frag,1035152,1030706,1035408,1030962,f,0,256,204,204,80.00,80.00,0,0
Frag,1036863,866426,1036991,866554,f,0,128,102,102,80.00,80.00,0,0
Frag,1056051,1068856,1056147,1068952,f,0,96,76,76,80.00,80.00,0,0
Frag,106063,1212560,106479,1212976,f,0,416,332,332,80.00,80.00,0,0
Frag,106072,1265972,106200,1266100,f,0,128,102,102,80.00,80.00,0,0
Frag,106072,416244,106200,416372,f,0,128,102,102,80.00,80.00,0,0
Frag,106072,834474,106200,834602,f,0,128,102,102,80.00,80.00,0,0
Frag,106072,883188,106488,883604,f,0,416,332,332,80.00,80.00,0,0
Frag,106195,415943,106483,416231,f,0,288,230,230,80.00,80.00,0,0
Frag,106195,576465,106483,576753,f,0,288,230,230,80.00,80.00,0,0
Frag,106195,834173,106483,834461,f,0,288,230,230,80.00,80.00,0,0
Frag,1069207,1055700,1069303,1055796,f,0,96,76,76,80.00,80.00,0,0
Frag,1081609,1249525,1083177,1251093,f,0,1568,1254,1254,80.00,80.00,0,0
Frag,1083166,1081261,1105726,1103821,f,0,22560,18048,18048,80.00,80.00,0,0
Frag,108543,159627,108831,159915,f,0,288,230,230,80.00,80.00,0,0
Frag,108543,312812,108927,313196,f,0,384,307,307,80.00,80.00,0,0
Frag,108543,605054,108831,605342,f,0,288,230,230,80.00,80.00,0,0
Frag,108543,87953,108831,88241,f,0,288,230,230,80.00,80.00,0,0
Frag,108832,159527,108928,159623,f,0,96,76,76,80.00,80.00,0,0
Frag,108832,604954,108928,605050,f,0,96,76,76,80.00,80.00,0,0
Frag,108832,87853,108928,87949,f,0,96,76,76,80.00,80.00,0,0
Frag,1105720,1253473,1110232,1257985,f,0,4512,3609,3609,80.00,80.00,0,0
Frag,1108938,1252881,1109162,1253105,f,0,224,179,179,80.00,80.00,0,0
Frag,1109214,1251840,1109502,1252128,f,0,288,230,230,80.00,80.00,0,0
Frag,1110021,1252646,1110117,1252742,f,0,96,76,76,80.00,80.00,0,0
Frag,1110225,1103800,1164625,1158200,f,0,54400,43520,43520,80.00,80.00,0,0
Frag,1125218,243855,1125314,243951,f,0,96,76,76,80.00,80.00,0,0
Frag,1133565,957265,1133949,957649,f,0,384,307,307,80.00,80.00,0,0
Frag,1160697,1272007,1161113,1272423,f,0,416,332,332,80.00,80.00,0,0
Frag,1164622,1257978,1168398,1261754,f,0,3776,3020,3020,80.00,80.00,0,0
Frag,1168395,1158189,1251307,1241101,f,0,82912,66329,66329,80.00,80.00,0,0
Frag,1180052,469659,1180596,470203,f,0,544,435,435,80.00,80.00,0,0
Frag,1182134,844317,1182614,844797,f,0,480,384,384,80.00,80.00,0,0
Frag,1182610,207796,1182674,207860,f,0,64,51,51,80.00,80.00,0,0
Frag,1183381,63141,1183509,63269,f,0,128,102,102,80.00,80.00,0,0
Frag,1183732,63492,1183796,63556,f,0,64,51,51,80.00,80.00,0,0
Frag,1203090,1029760,1203154,1029824,f,0,64,51,51,80.00,80.00,0,0
Frag,1217583,81609,1217903,81929,f,0,320,256,256,80.00,80.00,0,0
Frag,1222775,106647,1223191,107063,f,0,416,332,332,80.00,80.00,0,0
Frag,1222775,1265972,1222903,1266100,f,0,128,102,102,80.00,80.00,0,0
Frag,1222775,416244,1222903,416372,f,0,128,102,102,80.00,80.00,0,0
Frag,1222775,834474,1222903,834602,f,0,128,102,102,80.00,80.00,0,0
Frag,1222778,883191,1223194,883607,f,0,416,332,332,80.00,80.00,0,0
Frag,1222897,415942,1223185,416230,f,0,288,230,230,80.00,80.00,0,0
Frag,1222897,576464,1223185,576752,f,0,288,230,230,80.00,80.00,0,0
Frag,1222897,834172,1223185,834460,f,0,288,230,230,80.00,80.00,0,0
Frag,1224527,416362,1224911,416746,f,0,384,307,307,80.00,80.00,0,0
Frag,1224531,76900,1224915,77284,f,0,384,307,307,80.00,80.00,0,0
Frag,1228377,79802,1228537,79962,f,0,160,128,128,80.00,80.00,0,0
Frag,1228556,79981,1228652,80077,f,0,96,76,76,80.00,80.00,0,0
Frag,1241540,1330557,1241828,1330845,f,0,288,230,230,80.00,80.00,0,0
Frag,1244870,176751,1245030,176911,f,0,160,128,128,80.00,80.00,0,0
Frag,12457,495666,12521,495730,f,0,64,51,51,80.00,80.00,0,0
Frag,1245779,551197,1246035,551453,f,0,256,204,204,80.00,80.00,0,0
Frag,1245971,422328,1246035,422392,f,0,64,51,51,80.00,80.00,0,0
Frag,1251310,1241364,1259470,1249524,f,0,8160,6528,6528,80.00,80.00,0,0
Frag,1259468,1314080,1261324,1315936,f,0,1856,1484,1484,80.00,80.00,0,0
Frag,1261343,1310999,1261759,1311415,f,0,416,332,332,80.00,80.00,0,0
Frag,1261745,1315937,1274769,1328961,f,0,13024,10419,10419,80.00,80.00,0,0
Frag,1262289,553135,1262545,553391,f,0,256,204,204,80.00,80.00,0,0
Frag,1262289,5646,1262545,5902,f,0,256,204,204,80.00,80.00,0,0
Frag,1262289,988023,1262449,988183,f,0,160,128,128,80.00,80.00,0,0
Frag,1262302,300059,1262462,300219,f,0,160,128,128,80.00,80.00,0,0
Frag,1262302,78756,1262558,79012,f,0,256,204,204,80.00,80.00,0,0
Frag,1262302,81946,1262526,82170,f,0,224,179,179,80.00,80.00,0,0
Frag,1262473,1311749,1262537,1311813,f,0,64,51,51,80.00,80.00,0,0
Frag,1262473,987947,1262537,988011,f,0,64,51,51,80.00,80.00,0,0
Frag,1263741,138126,1264157,138542,f,0,416,332,332,80.00,80.00,0,0
Frag,1264175,143056,1264239,143120,f,0,64,51,51,80.00,80.00,0,0
Frag,1264472,456502,1264600,456630,f,0,128,102,102,80.00,80.00,0,0
Frag,1264713,206908,1264777,206972,f,0,64,51,51,80.00,80.00,0,0
Frag,1264713,432233,1264777,432297,f,0,64,51,51,80.00,80.00,0,0
Frag,1264719,998434,1264783,998498,f,0,64,51,51,80.00,80.00,0,0
Frag,1265845,1004419,1266165,1004739,f,0,320,256,256,80.00,80.00,0,0
Frag,1265845,584341,1266165,584661,f,0,320,256,256,80.00,80.00,0,0
Frag,1265845,868533,1266165,868853,f,0,320,256,256,80.00,80.00,0,0
Frag,1265845,930254,1266165,930574,f,0,320,256,256,80.00,80.00,0,0
Frag,1265846,161542,1266166,161862,f,0,320,256,256,80.00,80.00,0,0
Frag,1265846,193683,1266166,194003,f,0,320,256,256,80.00,80.00,0,0
Frag,1265846,396627,1266166,396947,f,0,320,256,256,80.00,80.00,0,0
Frag,1265846,576138,1266166,576458,f,0,320,256,256,80.00,80.00,0,0
Frag,1265846,77285,1266166,77605,f,0,320,256,256,80.00,80.00,0,0
Frag,1265852,636801,1266172,637121,f,0,320,256,256,80.00,80.00,0,0
Frag,1265855,404907,1266175,405227,f,0,320,256,256,80.00,80.00,0,0
Frag,1268465,162559,1268657,162751,f,0,192,153,153,80.00,80.00,0,0
Frag,1273981,49022,1274781,49822,f,0,800,640,640,80.00,80.00,0,0
Frag,1274939,1328973,1275195,1329229,f,0,256,204,204,80.00,80.00,0,0
Frag,1274939,338060,1275195,338316,f,0,256,204,204,80.00,80.00,0,0
Frag,1275531,1329218,1276235,1329922,f,0,704,563,563,80.00,80.00,0,0
Frag,1275531,762900,1276235,763604,f,0,704,563,563,80.00,80.00,0,0
Frag,1276023,262263,1276087,262327,f,0,64,51,51,80.00,80.00,0,0
Frag,1276247,1331322,1276311,1331386,f,0,64,51,51,80.00,80.00,0,0
Frag,1276332,1329943,1276588,1330199,f,0,256,204,204,80.00,80.00,0,0
Frag,1276621,1330212,1276941,1330532,f,0,320,256,256,80.00,80.00,0,0
Frag,1277412,1231334,1277700,1231622,f,0,288,230,230,80.00,80.00,0,0
Frag,1277412,1330557,1277700,1330845,f,0,288,230,230,80.00,80.00,0,0
Frag,1277780,1332147,1278452,1332819,f,0,672,537,537,80.00,80.00,0,0
Frag,1277893,551659,1278437,552203,f,0,544,435,435,80.00,80.00,0,0
Frag,1278550,1332821,1279286,1333557,f,0,736,588,588,80.00,80.00,0,0
Frag,1278550,1333555,1279254,1334259,f,0,704,563,563,80.00,80.00,0,0
Frag,1278550,915820,1279286,916556,f,0,736,588,588,80.00,80.00,0,0
Frag,1279260,1332804,1279996,1333540,f,0,736,588,588,80.00,80.00,0,0
Frag,1279277,1333555,1279981,1334259,f,0,704,563,563,80.00,80.00,0,0
Frag,1279277,915820,1280013,916556,f,0,736,588,588,80.00,80.00,0,0
Frag,1280086,1261765,1280534,1262213,f,0,448,358,358,80.00,80.00,0,0
Frag,1280539,24761,1281115,25337,f,0,576,460,460,80.00,80.00,0,0
Frag,1281111,1262282,1284247,1265418,f,0,3136,2508,2508,80.00,80.00,0,0
Frag,1281400,437266,1281464,437330,f,0,64,51,51,80.00,80.00,0,0
Frag,1281418,1017595,1281482,1017659,f,0,64,51,51,80.00,80.00,0,0
Frag,1284269,547054,1284493,547278,f,0,224,179,179,80.00,80.00,0,0
Frag,1284504,1265755,1284728,1265979,f,0,224,179,179,80.00,80.00,0,0
Frag,1284721,1262209,1284785,1262273,f,0,64,51,51,80.00,80.00,0,0
Frag,1284796,534013,1285020,534237,f,0,224,179,179,80.00,80.00,0,0
Frag,1285021,1265420,1285341,1265740,f,0,320,256,256,80.00,80.00,0,0
Frag,1285346,106643,1285474,106771,f,0,128,102,102,80.00,80.00,0,0
Frag,1285350,1212569,1285478,1212697,f,0,128,102,102,80.00,80.00,0,0
Frag,1285350,1265972,1286502,1267124,f,0,1152,921,921,80.00,80.00,0,0
Frag,1285350,416244,1285478,416372,f,0,128,102,102,80.00,80.00,0,0
Frag,1285350,883188,1285478,883316,f,0,128,102,102,80.00,80.00,0,0
Frag,1285351,834475,1285479,834603,f,0,128,102,102,80.00,80.00,0,0
Frag,1286528,708691,1286816,708979,f,0,288,230,230,80.00,80.00,0,0
Frag,1286801,1267131,1289777,1270107,f,0,2976,2380,2380,80.00,80.00,0,0
Frag,1289510,76336,1289766,76592,f,0,256,204,204,80.00,80.00,0,0
Frag,1289793,772763,1289857,772827,f,0,64,51,51,80.00,80.00,0,0
Frag,1289852,1270103,1304060,1284311,f,0,14208,11366,11366,80.00,80.00,0,0
Frag,1291756,1154272,1292172,1154688,f,0,416,332,332,80.00,80.00,0,0
Frag,1292606,720287,1292830,720511,f,0,224,179,179,80.00,80.00,0,0
Frag,1292992,720673,1293120,720801,f,0,128,102,102,80.00,80.00,0,0
Frag,12956,496165,13020,496229,f,0,64,51,51,80.00,80.00,0,0
Frag,1300597,270292,1301045,270740,f,0,448,358,358,80.00,80.00,0,0
Frag,1304069,965371,1304325,965627,f,0,256,204,204,80.00,80.00,0,0
Frag,1304322,1284304,1304898,1284880,f,0,576,460,460,80.00,80.00,0,0
Frag,1304896,971437,1305056,971597,f,0,160,128,128,80.00,80.00,0,0
Frag,1305072,976955,1305232,977115,f,0,160,128,128,80.00,80.00,0,0
Frag,1305218,1284867,1331234,1310883,f,0,26016,20812,20812,80.00,80.00,0,0
Frag,1307888,991885,1308112,992109,f,0,224,179,179,80.00,80.00,0,0
Frag,1308232,1032793,1309480,1034041,f,0,1248,998,998,80.00,80.00,0,0
Frag,1308232,147512,1308488,147768,f,0,256,204,204,80.00,80.00,0,0
Frag,1308238,205204,1309486,206452,f,0,1248,998,998,80.00,80.00,0,0
Frag,1308762,148046,1308890,148174,f,0,128,102,102,80.00,80.00,0,0
Frag,1309096,148387,1309384,148675,f,0,288,230,230,80.00,80.00,0,0
Frag,1320264,587673,1320360,587769,f,0,96,76,76,80.00,80.00,0,0
Frag,1331224,1241105,1331480,1241361,f,0,256,204,204,80.00,80.00,0,0
Frag,1331484,1313088,1331548,1313152,f,0,64,51,51,80.00,80.00,0,0
Frag,1331486,1310875,1331614,1311003,f,0,128,102,102,80.00,80.00,0,0
Frag,1331600,1311409,1334256,1314065,f,0,2656,2124,2124,80.00,80.00,0,0
Frag,1331652,1312112,1331716,1312176,f,0,64,51,51,80.00,80.00,0,0
Frag,1331940,1316665,1332004,1316729,f,0,64,51,51,80.00,80.00,0,0
Frag,1331940,553319,1332004,553383,f,0,64,51,51,80.00,80.00,0,0
Frag,1331940,5830,1332004,5894,f,0,64,51,51,80.00,80.00,0,0
Frag,1331940,78927,1332004,78991,f,0,64,51,51,80.00,80.00,0,0
Frag,1331940,82117,1332004,82181,f,0,64,51,51,80.00,80.00,0,0
Frag,1331940,987947,1332004,988011,f,0,64,51,51,80.00,80.00,0,0
Frag,1332303,1311461,1332367,1311525,f,0,64,51,51,80.00,80.00,0,0
Frag,134526,943524,134718,943716,f,0,192,153,153,80.00,80.00,0,0
Frag,134536,723038,134728,723230,f,0,192,153,153,80.00,80.00,0,0
Frag,134551,1006624,134711,1006784,f,0,160,128,128,80.00,80.00,0,0
Frag,134764,943761,134828,943825,f,0,64,51,51,80.00,80.00,0,0
Frag,135035,944032,135259,944256,f,0,224,179,179,80.00,80.00,0,0
Frag,135048,1007119,135240,1007311,f,0,192,153,153,80.00,80.00,0,0
Frag,135099,723599,135163,723663,f,0,64,51,51,80.00,80.00,0,0
Frag,137551,1317933,137967,1318349,f,0,416,332,332,80.00,80.00,0,0
Frag,142481,1318367,142545,1318431,f,0,64,51,51,80.00,80.00,0,0
Frag,146937,1032793,147193,1033049,f,0,256,204,204,80.00,80.00,0,0
Frag,146937,1287881,147193,1288137,f,0,256,204,204,80.00,80.00,0,0
Frag,146937,205198,147193,205454,f,0,256,204,204,80.00,80.00,0,0
Frag,147471,1033323,147599,1033451,f,0,128,102,102,80.00,80.00,0,0
Frag,147471,1288411,147599,1288539,f,0,128,102,102,80.00,80.00,0,0
Frag,147471,205728,147535,205792,f,0,64,51,51,80.00,80.00,0,0
Frag,147811,1033656,148099,1033944,f,0,288,230,230,80.00,80.00,0,0
Frag,147811,1288744,148099,1289032,f,0,288,230,230,80.00,80.00,0,0
Frag,147844,206094,148100,206350,f,0,256,204,204,80.00,80.00,0,0
Frag,158952,109407,159048,109503,f,0,96,76,76,80.00,80.00,0,0
Frag,158952,313101,159048,313197,f,0,96,76,76,80.00,80.00,0,0
Frag,158952,604954,159336,605338,f,0,384,307,307,80.00,80.00,0,0
Frag,158952,87853,159336,88237,f,0,384,307,307,80.00,80.00,0,0
Frag,159052,109118,159340,109406,f,0,288,230,230,80.00,80.00,0,0
Frag,159052,312812,159340,313100,f,0,288,230,230,80.00,80.00,0,0
Frag,160963,77281,161283,77601,f,0,320,256,256,80.00,80.00,0,0
Frag,160966,1004419,161286,1004739,f,0,320,256,256,80.00,80.00,0,0
Frag,160966,1320037,161286,1320357,f,0,320,256,256,80.00,80.00,0,0
Frag,160966,584341,161286,584661,f,0,320,256,256,80.00,80.00,0,0
Frag,160966,636794,161286,637114,f,0,320,256,256,80.00,80.00,0,0
Frag,160966,868533,161286,868853,f,0,320,256,256,80.00,80.00,0,0
Frag,160966,930254,161286,930574,f,0,320,256,256,80.00,80.00,0,0
Frag,160967,193683,161287,194003,f,0,320,256,256,80.00,80.00,0,0
Frag,160967,396627,161287,396947,f,0,320,256,256,80.00,80.00,0,0
Frag,160967,576138,161287,576458,f,0,320,256,256,80.00,80.00,0,0
Frag,160974,404905,161294,405225,f,0,320,256,256,80.00,80.00,0,0
Frag,161984,1322657,162176,1322849,f,0,192,153,153,80.00,80.00,0,0
Frag,167790,35581,167886,35677,f,0,96,76,76,80.00,80.00,0,0
Frag,169428,4505,169812,4889,f,0,384,307,307,80.00,80.00,0,0
Frag,169428,701227,169812,701611,f,0,384,307,307,80.00,80.00,0,0
Frag,176176,1234664,176336,1234824,f,0,160,128,128,80.00,80.00,0,0
Frag,192225,944849,192289,944913,f,0,64,51,51,80.00,80.00,0,0
Frag,193107,1004419,193427,1004739,f,0,320,256,256,80.00,80.00,0,0
Frag,193107,1320037,193427,1320357,f,0,320,256,256,80.00,80.00,0,0
Frag,193107,584341,193427,584661,f,0,320,256,256,80.00,80.00,0,0
Frag,193107,636794,193427,637114,f,0,320,256,256,80.00,80.00,0,0
Frag,193107,868533,193427,868853,f,0,320,256,256,80.00,80.00,0,0
Frag,193107,930254,193427,930574,f,0,320,256,256,80.00,80.00,0,0
Frag,193108,161542,193428,161862,f,0,320,256,256,80.00,80.00,0,0
Frag,193108,396627,193428,396947,f,0,320,256,256,80.00,80.00,0,0
Frag,193108,576138,193428,576458,f,0,320,256,256,80.00,80.00,0,0
Frag,193108,77285,193428,77605,f,0,320,256,256,80.00,80.00,0,0
Frag,193115,404905,193435,405225,f,0,320,256,256,80.00,80.00,0,0
Frag,19391,1029745,19487,1029841,f,0,96,76,76,80.00,80.00,0,0
Frag,201465,865013,201689,865237,f,0,224,179,179,80.00,80.00,0,0
Frag,201741,865289,201837,865385,f,0,96,76,76,80.00,80.00,0,0
Frag,201900,865448,201964,865512,f,0,64,51,51,80.00,80.00,0,0
Frag,204615,1032785,205863,1034033,f,0,1248,998,998,80.00,80.00,0,0
Frag,204623,1287881,205871,1289129,f,0,1248,998,998,80.00,80.00,0,0
Frag,204623,147512,204879,147768,f,0,256,204,204,80.00,80.00,0,0
Frag,205153,148046,205217,148110,f,0,64,51,51,80.00,80.00,0,0
Frag,205519,148419,205775,148675,f,0,256,204,204,80.00,80.00,0,0
Frag,206328,432228,206584,432484,f,0,256,204,204,80.00,80.00,0,0
Frag,206333,1318905,206397,1318969,f,0,64,51,51,80.00,80.00,0,0
Frag,206339,998434,206563,998658,f,0,224,179,179,80.00,80.00,0,0
Frag,207221,1172404,207285,1172468,f,0,64,51,51,80.00,80.00,0,0
Frag,216248,296194,216408,296354,f,0,160,128,128,80.00,80.00,0,0
Frag,217971,218509,218035,218573,f,0,64,51,51,80.00,80.00,0,0
Frag,217971,218557,218035,218621,f,0,64,51,51,80.00,80.00,0,0
Frag,217971,218562,218035,218626,f,0,64,51,51,80.00,80.00,0,0
Frag,217976,218556,218040,218620,f,0,64,51,51,80.00,80.00,0,0
Frag,217982,218546,218046,218610,f,0,64,51,51,80.00,80.00,0,0
Frag,217987,218546,218051,218610,f,0,64,51,51,80.00,80.00,0,0
Frag,238277,676154,238341,676218,f,0,64,51,51,80.00,80.00,0,0
Frag,243279,1118792,243375,1118888,f,0,96,76,76,80.00,80.00,0,0
Frag,24736,25311,435104,435679,f,0,410368,328294,328294,80.00,80.00,0,0
Frag,2540,720099,2604,720163,f,0,64,51,51,80.00,80.00,0,0
Frag,261688,1329710,261752,1329774,f,0,64,51,51,80.00,80.00,0,0
Frag,261688,763392,261752,763456,f,0,64,51,51,80.00,80.00,0,0
Frag,264609,265197,264673,265261,f,0,64,51,51,80.00,80.00,0,0
Frag,264609,265210,264673,265274,f,0,64,51,51,80.00,80.00,0,0
Frag,264622,265184,264686,265248,f,0,64,51,51,80.00,80.00,0,0
Frag,264635,265184,264699,265248,f,0,64,51,51,80.00,80.00,0,0
Frag,267076,462654,267332,462910,f,0,256,204,204,80.00,80.00,0,0
Frag,269712,1280843,270160,1281291,f,0,448,358,358,80.00,80.00,0,0
Frag,295619,216823,295779,216983,f,0,160,128,128,80.00,80.00,0,0
Frag,299471,78743,299631,78903,f,0,160,128,128,80.00,80.00,0,0
Frag,299471,81933,299631,82093,f,0,160,128,128,80.00,80.00,0,0
Frag,299484,1316494,299644,1316654,f,0,160,128,128,80.00,80.00,0,0
Frag,299484,553148,299644,553308,f,0,160,128,128,80.00,80.00,0,0
Frag,299484,5659,299644,5819,f,0,160,128,128,80.00,80.00,0,0
Frag,299484,988036,299644,988196,f,0,160,128,128,80.00,80.00,0,0
Frag,312237,109118,312621,109502,f,0,384,307,307,80.00,80.00,0,0
Frag,312237,159627,312525,159915,f,0,288,230,230,80.00,80.00,0,0
Frag,312237,605054,312525,605342,f,0,288,230,230,80.00,80.00,0,0
Frag,312237,87953,312525,88241,f,0,288,230,230,80.00,80.00,0,0
Frag,312526,159527,312622,159623,f,0,96,76,76,80.00,80.00,0,0
Frag,312526,87853,312622,87949,f,0,96,76,76,80.00,80.00,0,0
Frag,312528,604956,312624,605052,f,0,96,76,76,80.00,80.00,0,0
Frag,337485,1328973,337741,1329229,f,0,256,204,204,80.00,80.00,0,0
Frag,35006,168365,35102,168461,f,0,96,76,76,80.00,80.00,0,0
Frag,363066,1251117,363194,1251245,f,0,128,102,102,80.00,80.00,0,0
Frag,363284,1251335,363348,1251399,f,0,64,51,51,80.00,80.00,0,0
Frag,363387,1251437,363483,1251533,f,0,96,76,76,80.00,80.00,0,0
Frag,363505,434432,363825,434752,f,0,320,256,256,80.00,80.00,0,0
Frag,364022,434948,364150,435076,f,0,128,102,102,80.00,80.00,0,0
Frag,364255,435181,364543,435469,f,0,288,230,230,80.00,80.00,0,0
Frag,364899,434062,365123,434286,f,0,224,179,179,80.00,80.00,0,0
Frag,365513,433469,365577,433533,f,0,64,51,51,80.00,80.00,0,0
Frag,365616,433572,365712,433668,f,0,96,76,76,80.00,80.00,0,0
Frag,36592,37270,36656,37334,f,0,64,51,51,80.00,80.00,0,0
Frag,36695,37167,36759,37231,f,0,64,51,51,80.00,80.00,0,0
Frag,36701,37377,36765,37441,f,0,64,51,51,80.00,80.00,0,0
Frag,36803,37277,36867,37341,f,0,64,51,51,80.00,80.00,0,0
Frag,396035,868517,396387,868869,f,0,352,281,281,80.00,80.00,0,0
Frag,396051,1004419,396371,1004739,f,0,320,256,256,80.00,80.00,0,0
Frag,396051,1320037,396371,1320357,f,0,320,256,256,80.00,80.00,0,0
Frag,396051,584341,396371,584661,f,0,320,256,256,80.00,80.00,0,0
Frag,396051,636794,396371,637114,f,0,320,256,256,80.00,80.00,0,0
Frag,396051,930254,396371,930574,f,0,320,256,256,80.00,80.00,0,0
Frag,396052,161542,396372,161862,f,0,320,256,256,80.00,80.00,0,0
Frag,396052,193683,396372,194003,f,0,320,256,256,80.00,80.00,0,0
Frag,396052,576138,396372,576458,f,0,320,256,256,80.00,80.00,0,0
Frag,396052,77285,396372,77605,f,0,320,256,256,80.00,80.00,0,0
Frag,396058,404904,396378,405224,f,0,320,256,256,80.00,80.00,0,0
Frag,404329,1004426,404649,1004746,f,0,320,256,256,80.00,80.00,0,0
Frag,404329,1320044,404649,1320364,f,0,320,256,256,80.00,80.00,0,0
Frag,404329,161548,404649,161868,f,0,320,256,256,80.00,80.00,0,0
Frag,404329,193689,404649,194009,f,0,320,256,256,80.00,80.00,0,0
Frag,404329,396633,404649,396953,f,0,320,256,256,80.00,80.00,0,0
Frag,404329,576144,404649,576464,f,0,320,256,256,80.00,80.00,0,0
Frag,404329,584348,404649,584668,f,0,320,256,256,80.00,80.00,0,0
Frag,404329,636801,404649,637121,f,0,320,256,256,80.00,80.00,0,0
Frag,404329,77291,404649,77611,f,0,320,256,256,80.00,80.00,0,0
Frag,404329,868540,404649,868860,f,0,320,256,256,80.00,80.00,0,0
Frag,404329,930261,404649,930581,f,0,320,256,256,80.00,80.00,0,0
Frag,405545,456718,405673,456846,f,0,128,102,102,80.00,80.00,0,0
Frag,405701,456887,405765,456951,f,0,64,51,51,80.00,80.00,0,0
Frag,405777,456450,405969,456642,f,0,192,153,153,80.00,80.00,0,0
Frag,405981,456265,406173,456457,f,0,192,153,153,80.00,80.00,0,0
Frag,406159,456168,406223,456232,f,0,64,51,51,80.00,80.00,0,0
Frag,415367,1212691,415655,1212979,f,0,288,230,230,80.00,80.00,0,0
Frag,415367,883310,415655,883598,f,0,288,230,230,80.00,80.00,0,0
Frag,415368,106770,415656,107058,f,0,288,230,230,80.00,80.00,0,0
Frag,415368,576465,415656,576753,f,0,288,230,230,80.00,80.00,0,0
Frag,415368,834173,415784,834589,f,0,416,332,332,80.00,80.00,0,0
Frag,415669,106647,415797,106775,f,0,128,102,102,80.00,80.00,0,0
Frag,415669,1212569,415797,1212697,f,0,128,102,102,80.00,80.00,0,0
Frag,415669,1265972,415797,1266100,f,0,128,102,102,80.00,80.00,0,0
Frag,415669,883188,415797,883316,f,0,128,102,102,80.00,80.00,0,0
Frag,415787,1214321,416171,1214705,f,0,384,307,307,80.00,80.00,0,0
Frag,415787,76896,416171,77280,f,0,384,307,307,80.00,80.00,0,0
Frag,421753,1235765,421817,1235829,f,0,64,51,51,80.00,80.00,0,0
Frag,421753,551389,421817,551453,f,0,64,51,51,80.00,80.00,0,0
Frag,431638,998408,432022,998792,f,0,384,307,307,80.00,80.00,0,0
Frag,431653,206903,431909,207159,f,0,256,204,204,80.00,80.00,0,0
Frag,431658,1318905,431722,1318969,f,0,64,51,51,80.00,80.00,0,0
Frag,432894,366088,432958,366152,f,0,64,51,51,80.00,80.00,0,0
Frag,432997,366191,433093,366287,f,0,96,76,76,80.00,80.00,0,0
Frag,433487,365474,433711,365698,f,0,224,179,179,80.00,80.00,0,0
Frag,433857,364080,434177,364400,f,0,320,256,256,80.00,80.00,0,0
Frag,434373,364597,434501,364725,f,0,128,102,102,80.00,80.00,0,0
Frag,434606,364830,434894,365118,f,0,288,230,230,80.00,80.00,0,0
Frag,435089,1251079,437489,1253479,f,0,2400,1920,1920,80.00,80.00,0,0
Frag,435127,363641,435255,363769,f,0,128,102,102,80.00,80.00,0,0
Frag,435345,363859,435409,363923,f,0,64,51,51,80.00,80.00,0,0
Frag,435447,363962,435543,364058,f,0,96,76,76,80.00,80.00,0,0
Frag,435850,1256967,436138,1257255,f,0,288,230,230,80.00,80.00,0,0
Frag,436655,1257773,436783,1257901,f,0,128,102,102,80.00,80.00,0,0
Frag,436891,1256691,437115,1256915,f,0,224,179,179,80.00,80.00,0,0
Frag,437489,435683,535825,534019,f,0,98336,78668,78668,80.00,80.00,0,0
Frag,439072,1262571,439136,1262635,f,0,64,51,51,80.00,80.00,0,0
Frag,442839,1007855,443319,1008335,f,0,480,384,384,80.00,80.00,0,0
Frag,4505,170003,4889,170387,f,0,384,307,307,80.00,80.00,0,0
Frag,4505,701227,4889,701611,f,0,384,307,307,80.00,80.00,0,0
Frag,457974,406734,458038,406798,f,0,64,51,51,80.00,80.00,0,0
Frag,458071,406556,458263,406748,f,0,192,153,153,80.00,80.00,0,0
Frag,458256,406352,458448,406544,f,0,192,153,153,80.00,80.00,0,0
Frag,458308,1318664,458436,1318792,f,0,128,102,102,80.00,80.00,0,0
Frag,458524,406120,458652,406248,f,0,128,102,102,80.00,80.00,0,0
Frag,458693,406276,458757,406340,f,0,64,51,51,80.00,80.00,0,0
Frag,464461,267652,464717,267908,f,0,256,204,204,80.00,80.00,0,0
Frag,471505,1169886,472017,1170398,f,0,512,409,409,80.00,80.00,0,0
Frag,48447,1328173,49247,1328973,f,0,800,640,640,80.00,80.00,0,0
Frag,497472,12457,497536,12521,f,0,64,51,51,80.00,80.00,0,0
Frag,497971,12956,498035,13020,f,0,64,51,51,80.00,80.00,0,0
Frag,530861,815501,530925,815565,f,0,64,51,51,80.00,80.00,0,0
Frag,531992,595723,532056,595787,f,0,64,51,51,80.00,80.00,0,0
Frag,535810,534237,548610,547037,f,0,12800,10240,10240,80.00,80.00,0,0
Frag,547903,1020935,547967,1020999,f,0,64,51,51,80.00,80.00,0,0
Frag,548593,547269,710001,708677,f,0,161408,129126,129126,80.00,80.00,0,0
Frag,552079,551291,552207,551419,f,0,128,102,102,80.00,80.00,0,0
Frag,552521,1235573,552777,1235829,f,0,256,204,204,80.00,80.00,0,0
Frag,552615,550755,552743,550883,f,0,128,102,102,80.00,80.00,0,0
Frag,552713,422328,552777,422392,f,0,64,51,51,80.00,80.00,0,0
Frag,552982,1332259,553526,1332803,f,0,544,435,435,80.00,80.00,0,0
Frag,554459,1316481,554715,1316737,f,0,256,204,204,80.00,80.00,0,0
Frag,554459,5646,554715,5902,f,0,256,204,204,80.00,80.00,0,0
Frag,554459,988023,554619,988183,f,0,160,128,128,80.00,80.00,0,0
Frag,554472,300059,554632,300219,f,0,160,128,128,80.00,80.00,0,0
Frag,554472,78756,554728,79012,f,0,256,204,204,80.00,80.00,0,0
Frag,554472,81946,554728,82202,f,0,256,204,204,80.00,80.00,0,0
Frag,554643,1311749,554707,1311813,f,0,64,51,51,80.00,80.00,0,0
Frag,554643,987947,554707,988011,f,0,64,51,51,80.00,80.00,0,0
Frag,559135,676154,559199,676218,f,0,64,51,51,80.00,80.00,0,0
Frag,5646,1316481,5902,1316737,f,0,256,204,204,80.00,80.00,0,0
Frag,5646,553135,5902,553391,f,0,256,204,204,80.00,80.00,0,0
Frag,5646,988023,5806,988183,f,0,160,128,128,80.00,80.00,0,0
Frag,5659,300059,5819,300219,f,0,160,128,128,80.00,80.00,0,0
Frag,5659,78756,5915,79012,f,0,256,204,204,80.00,80.00,0,0
Frag,5659,81946,5915,82202,f,0,256,204,204,80.00,80.00,0,0
Frag,577461,1004419,577781,1004739,f,0,320,256,256,80.00,80.00,0,0
Frag,577461,584341,577781,584661,f,0,320,256,256,80.00,80.00,0,0
Frag,577461,636794,577781,637114,f,0,320,256,256,80.00,80.00,0,0
Frag,577461,868533,577781,868853,f,0,320,256,256,80.00,80.00,0,0
Frag,577461,930254,577781,930574,f,0,320,256,256,80.00,80.00,0,0
Frag,577462,161542,577782,161862,f,0,320,256,256,80.00,80.00,0,0
Frag,577462,193683,577782,194003,f,0,320,256,256,80.00,80.00,0,0
Frag,577462,396627,577782,396947,f,0,320,256,256,80.00,80.00,0,0
Frag,577462,77285,577782,77605,f,0,320,256,256,80.00,80.00,0,0
Frag,577468,404904,577788,405224,f,0,320,256,256,80.00,80.00,0,0
Frag,577470,1320046,577790,1320366,f,0,320,256,256,80.00,80.00,0,0
Frag,577788,1212691,578076,1212979,f,0,288,230,230,80.00,80.00,0,0
Frag,577788,883310,578076,883598,f,0,288,230,230,80.00,80.00,0,0
Frag,577789,106770,578077,107058,f,0,288,230,230,80.00,80.00,0,0
Frag,577789,415943,578077,416231,f,0,288,230,230,80.00,80.00,0,0
Frag,577789,834173,578077,834461,f,0,288,230,230,80.00,80.00,0,0
Frag,5830,1311749,5894,1311813,f,0,64,51,51,80.00,80.00,0,0
Frag,5830,987947,5894,988011,f,0,64,51,51,80.00,80.00,0,0
Frag,585665,1004419,585985,1004739,f,0,320,256,256,80.00,80.00,0,0
Frag,585665,1320037,585985,1320357,f,0,320,256,256,80.00,80.00,0,0
Frag,585665,636794,585985,637114,f,0,320,256,256,80.00,80.00,0,0
Frag,585665,868533,585985,868853,f,0,320,256,256,80.00,80.00,0,0
Frag,585665,930254,585985,930574,f,0,320,256,256,80.00,80.00,0,0
Frag,585666,161542,585986,161862,f,0,320,256,256,80.00,80.00,0,0
Frag,585666,193683,585986,194003,f,0,320,256,256,80.00,80.00,0,0
Frag,585666,396627,585986,396947,f,0,320,256,256,80.00,80.00,0,0
Frag,585666,576138,585986,576458,f,0,320,256,256,80.00,80.00,0,0
Frag,585666,77285,585986,77605,f,0,320,256,256,80.00,80.00,0,0
Frag,585672,404904,585992,405224,f,0,320,256,256,80.00,80.00,0,0
Frag,588997,1299913,589093,1300009,f,0,96,76,76,80.00,80.00,0,0
Frag,597047,530186,597111,530250,f,0,64,51,51,80.00,80.00,0,0
Frag,606278,109407,606374,109503,f,0,96,76,76,80.00,80.00,0,0
Frag,606278,159527,606662,159911,f,0,384,307,307,80.00,80.00,0,0
Frag,606278,313101,606374,313197,f,0,96,76,76,80.00,80.00,0,0
Frag,606278,87853,606662,88237,f,0,384,307,307,80.00,80.00,0,0
Frag,606378,312812,606666,313100,f,0,288,230,230,80.00,80.00,0,0
Frag,606379,109119,606667,109407,f,0,288,230,230,80.00,80.00,0,0
Frag,62566,1173175,62694,1173303,f,0,128,102,102,80.00,80.00,0,0
Frag,628276,627903,628660,628287,f,0,384,307,307,80.00,80.00,0,0
Frag,62917,1173526,62981,1173590,f,0,64,51,51,80.00,80.00,0,0
Frag,629227,626952,629611,627336,f,0,384,307,307,80.00,80.00,0,0
Frag,638118,1004419,638438,1004739,f,0,320,256,256,80.00,80.00,0,0
Frag,638118,1320037,638438,1320357,f,0,320,256,256,80.00,80.00,0,0
Frag,638118,584341,638438,584661,f,0,320,256,256,80.00,80.00,0,0
Frag,638118,868533,638438,868853,f,0,320,256,256,80.00,80.00,0,0
Frag,638118,930254,638438,930574,f,0,320,256,256,80.00,80.00,0,0
Frag,638119,161542,638439,161862,f,0,320,256,256,80.00,80.00,0,0
Frag,638119,193683,638439,194003,f,0,320,256,256,80.00,80.00,0,0
Frag,638119,396627,638439,396947,f,0,320,256,256,80.00,80.00,0,0
Frag,638119,576138,638439,576458,f,0,320,256,256,80.00,80.00,0,0
Frag,638119,77285,638439,77605,f,0,320,256,256,80.00,80.00,0,0
Frag,638125,404904,638445,405224,f,0,320,256,256,80.00,80.00,0,0
Frag,648129,1135227,648193,1135291,f,0,64,51,51,80.00,80.00,0,0
Frag,657339,978937,657403,979001,f,0,64,51,51,80.00,80.00,0,0
Frag,677040,978824,677104,978888,f,0,64,51,51,80.00,80.00,0,0
Frag,677109,978893,677237,979021,f,0,128,102,102,80.00,80.00,0,0
Frag,677478,557811,677542,557875,f,0,64,51,51,80.00,80.00,0,0
Frag,677479,238853,677543,238917,f,0,64,51,51,80.00,80.00,0,0
Frag,678129,677066,678193,677130,f,0,64,51,51,80.00,80.00,0,0
Frag,678390,676805,678454,676869,f,0,64,51,51,80.00,80.00,0,0
Frag,702551,170003,702935,170387,f,0,384,307,307,80.00,80.00,0,0
Frag,702551,4505,702935,4889,f,0,384,307,307,80.00,80.00,0,0
Frag,709986,708954,773794,772762,f,0,63808,51046,51046,80.00,80.00,0,0
Frag,721131,2540,721195,2604,f,0,64,51,51,80.00,80.00,0,0
Frag,721319,1272857,721543,1273081,f,0,224,179,179,80.00,80.00,0,0
Frag,721705,1273243,721833,1273371,f,0,128,102,102,80.00,80.00,0,0
Frag,724070,135111,724262,135303,f,0,192,153,153,80.00,80.00,0,0
Frag,724070,943534,724262,943726,f,0,192,153,153,80.00,80.00,0,0
Frag,724160,1006699,724256,1006795,f,0,96,76,76,80.00,80.00,0,0
Frag,724615,1007154,724711,1007250,f,0,96,76,76,80.00,80.00,0,0
Frag,724636,135679,724700,135743,f,0,64,51,51,80.00,80.00,0,0
Frag,724728,1007268,724792,1007332,f,0,64,51,51,80.00,80.00,0,0
Frag,730231,790894,730295,790958,f,0,64,51,51,80.00,80.00,0,0
Frag,730333,790997,730493,791157,f,0,160,128,128,80.00,80.00,0,0
Frag,730569,791249,730665,791345,f,0,96,76,76,80.00,80.00,0,0
Frag,730893,790388,731021,790516,f,0,128,102,102,80.00,80.00,0,0
Frag,74549,774117,74645,774213,f,0,96,76,76,80.00,80.00,0,0
Frag,74813,773896,74909,773992,f,0,96,76,76,80.00,80.00,0,0
Frag,75332,772840,75460,772968,f,0,128,102,102,80.00,80.00,0,0
Frag,75477,772250,75733,772506,f,0,256,204,204,80.00,80.00,0,0
Frag,75761,1269840,76017,1270096,f,0,256,204,204,80.00,80.00,0,0
Frag,76321,1214321,76705,1214705,f,0,384,307,307,80.00,80.00,0,0
Frag,76321,416362,76705,416746,f,0,384,307,307,80.00,80.00,0,0
Frag,763932,1329218,764636,1329922,f,0,704,563,563,80.00,80.00,0,0
Frag,764424,262263,764488,262327,f,0,64,51,51,80.00,80.00,0,0
Frag,76709,1004419,77029,1004739,f,0,320,256,256,80.00,80.00,0,0
Frag,76709,1320037,77029,1320357,f,0,320,256,256,80.00,80.00,0,0
Frag,76709,584341,77029,584661,f,0,320,256,256,80.00,80.00,0,0
Frag,76709,636794,77029,637114,f,0,320,256,256,80.00,80.00,0,0
Frag,76709,868533,77029,868853,f,0,320,256,256,80.00,80.00,0,0
Frag,76709,930254,77029,930574,f,0,320,256,256,80.00,80.00,0,0
Frag,76710,161542,77030,161862,f,0,320,256,256,80.00,80.00,0,0
Frag,76710,193683,77030,194003,f,0,320,256,256,80.00,80.00,0,0
Frag,76710,396627,77030,396947,f,0,320,256,256,80.00,80.00,0,0
Frag,76710,576138,77030,576458,f,0,320,256,256,80.00,80.00,0,0
Frag,76717,404905,77037,405225,f,0,320,256,256,80.00,80.00,0,0
Frag,773282,76052,773538,76308,f,0,256,204,204,80.00,80.00,0,0
Frag,773777,772824,966321,965368,f,0,192544,154035,154035,80.00,80.00,0,0
Frag,773793,75907,773921,76035,f,0,128,102,102,80.00,80.00,0,0
Frag,774849,75388,774945,75484,f,0,96,76,76,80.00,80.00,0,0
Frag,775070,75124,775166,75220,f,0,96,76,76,80.00,80.00,0,0
Frag,78156,81921,78412,82177,f,0,256,204,204,80.00,80.00,0,0
Frag,78160,553127,78416,553383,f,0,256,204,204,80.00,80.00,0,0
Frag,78168,300046,78328,300206,f,0,160,128,128,80.00,80.00,0,0
Frag,78172,5650,78428,5906,f,0,256,204,204,80.00,80.00,0,0
Frag,78181,1316494,78437,1316750,f,0,256,204,204,80.00,80.00,0,0
Frag,78181,988036,78341,988196,f,0,160,128,128,80.00,80.00,0,0
Frag,78352,1311749,78416,1311813,f,0,64,51,51,80.00,80.00,0,0
Frag,78352,987947,78416,988011,f,0,64,51,51,80.00,80.00,0,0
Frag,791341,729861,791469,729989,f,0,128,102,102,80.00,80.00,0,0
Frag,791847,729199,791911,729263,f,0,64,51,51,80.00,80.00,0,0
Frag,791950,729301,792110,729461,f,0,160,128,128,80.00,80.00,0,0
Frag,792202,729537,792298,729633,f,0,96,76,76,80.00,80.00,0,0
Frag,79227,1218171,79387,1218331,f,0,160,128,128,80.00,80.00,0,0
Frag,79406,1218350,79502,1218446,f,0,96,76,76,80.00,80.00,0,0
Frag,81039,1207382,81359,1207702,f,0,320,256,256,80.00,80.00,0,0
Frag,813506,812999,813602,813095,f,0,96,76,76,80.00,80.00,0,0
Frag,81353,988018,81513,988178,f,0,160,128,128,80.00,80.00,0,0
Frag,81358,300046,81518,300206,f,0,160,128,128,80.00,80.00,0,0
Frag,81358,78743,81614,78999,f,0,256,204,204,80.00,80.00,0,0
Frag,81371,1316494,81595,1316718,f,0,224,179,179,80.00,80.00,0,0
Frag,81371,553148,81627,553404,f,0,256,204,204,80.00,80.00,0,0
Frag,81371,5659,81627,5915,f,0,256,204,204,80.00,80.00,0,0
Frag,81542,1311749,81606,1311813,f,0,64,51,51,80.00,80.00,0,0
Frag,81542,987947,81606,988011,f,0,64,51,51,80.00,80.00,0,0
Frag,816454,529055,816518,529119,f,0,64,51,51,80.00,80.00,0,0
Frag,831914,859220,832010,859316,f,0,96,76,76,80.00,80.00,0,0
Frag,835125,1212691,835413,1212979,f,0,288,230,230,80.00,80.00,0,0
Frag,835125,883310,835413,883598,f,0,288,230,230,80.00,80.00,0,0
Frag,835126,106770,835414,107058,f,0,288,230,230,80.00,80.00,0,0
Frag,835126,415943,835542,416359,f,0,416,332,332,80.00,80.00,0,0
Frag,835126,576465,835414,576753,f,0,288,230,230,80.00,80.00,0,0
Frag,835427,106647,835555,106775,f,0,128,102,102,80.00,80.00,0,0
Frag,835427,1212569,835555,1212697,f,0,128,102,102,80.00,80.00,0,0
Frag,835427,1265972,835555,1266100,f,0,128,102,102,80.00,80.00,0,0
Frag,835427,883188,835555,883316,f,0,128,102,102,80.00,80.00,0,0
Frag,845249,1171907,845729,1172387,f,0,480,384,384,80.00,80.00,0,0
Frag,860173,830961,860269,831057,f,0,96,76,76,80.00,80.00,0,0
Frag,865966,202040,866190,202264,f,0,224,179,179,80.00,80.00,0,0
Frag,866242,202316,866338,202412,f,0,96,76,76,80.00,80.00,0,0
Frag,866401,202475,866465,202539,f,0,64,51,51,80.00,80.00,0,0
Frag,867379,1036512,867507,1036640,f,0,128,102,102,80.00,80.00,0,0
Frag,869486,1004419,869806,1004739,f,0,320,256,256,80.00,80.00,0,0
Frag,869486,1320037,869806,1320357,f,0,320,256,256,80.00,80.00,0,0
Frag,869486,584341,869806,584661,f,0,320,256,256,80.00,80.00,0,0
Frag,869486,636794,869806,637114,f,0,320,256,256,80.00,80.00,0,0
Frag,869486,930254,869806,930574,f,0,320,256,256,80.00,80.00,0,0
Frag,869487,161542,869807,161862,f,0,320,256,256,80.00,80.00,0,0
Frag,869487,193683,869807,194003,f,0,320,256,256,80.00,80.00,0,0
Frag,869487,396627,869807,396947,f,0,320,256,256,80.00,80.00,0,0
Frag,869487,576138,869807,576458,f,0,320,256,256,80.00,80.00,0,0
Frag,869487,77285,869807,77605,f,0,320,256,256,80.00,80.00,0,0
Frag,869493,404904,869813,405224,f,0,320,256,256,80.00,80.00,0,0
Frag,870532,1000815,870788,1001071,f,0,256,204,204,80.00,80.00,0,0
Frag,870860,1001143,871020,1001303,f,0,160,128,128,80.00,80.00,0,0
Frag,87278,109407,87374,109503,f,0,96,76,76,80.00,80.00,0,0
Frag,87278,159527,87662,159911,f,0,384,307,307,80.00,80.00,0,0
Frag,87278,313101,87374,313197,f,0,96,76,76,80.00,80.00,0,0
Frag,87278,604954,87662,605338,f,0,384,307,307,80.00,80.00,0,0
Frag,87378,109118,87666,109406,f,0,288,230,230,80.00,80.00,0,0
Frag,87378,312812,87666,313100,f,0,288,230,230,80.00,80.00,0,0
Frag,884141,106647,884557,107063,f,0,416,332,332,80.00,80.00,0,0
Frag,884141,1212569,884557,1212985,f,0,416,332,332,80.00,80.00,0,0
Frag,884141,1265972,884269,1266100,f,0,128,102,102,80.00,80.00,0,0
Frag,884141,416244,884269,416372,f,0,128,102,102,80.00,80.00,0,0
Frag,884141,834474,884269,834602,f,0,128,102,102,80.00,80.00,0,0
Frag,884263,415942,884551,416230,f,0,288,230,230,80.00,80.00,0,0
Frag,884263,576464,884551,576752,f,0,288,230,230,80.00,80.00,0,0
Frag,884263,834172,884551,834460,f,0,288,230,230,80.00,80.00,0,0
Frag,916773,1333555,917477,1334259,f,0,704,563,563,80.00,80.00,0,0
Frag,916775,1332823,917511,1333559,f,0,736,588,588,80.00,80.00,0,0
Frag,931191,193666,931543,194018,f,0,352,281,281,80.00,80.00,0,0
Frag,931204,1004416,931524,1004736,f,0,320,256,256,80.00,80.00,0,0
Frag,931207,1320037,931527,1320357,f,0,320,256,256,80.00,80.00,0,0
Frag,931207,584341,931527,584661,f,0,320,256,256,80.00,80.00,0,0
Frag,931207,636794,931527,637114,f,0,320,256,256,80.00,80.00,0,0
Frag,931207,868533,931527,868853,f,0,320,256,256,80.00,80.00,0,0
Frag,931208,161542,931528,161862,f,0,320,256,256,80.00,80.00,0,0
Frag,931208,396627,931528,396947,f,0,320,256,256,80.00,80.00,0,0
Frag,931208,576138,931528,576458,f,0,320,256,256,80.00,80.00,0,0
Frag,931208,77285,931528,77605,f,0,320,256,256,80.00,80.00,0,0
Frag,931214,404904,931534,405224,f,0,320,256,256,80.00,80.00,0,0
Frag,944455,135079,944679,135303,f,0,224,179,179,80.00,80.00,0,0
Frag,944487,723038,944679,723230,f,0,192,153,153,80.00,80.00,0,0
Frag,944502,1006624,944662,1006784,f,0,160,128,128,80.00,80.00,0,0
Frag,944714,135339,944778,135403,f,0,64,51,51,80.00,80.00,0,0
Frag,944990,135615,945214,135839,f,0,224,179,179,80.00,80.00,0,0
Frag,945802,192800,945866,192864,f,0,64,51,51,80.00,80.00,0,0
Frag,958218,1127140,958602,1127524,f,0,384,307,307,80.00,80.00,0,0
Frag,966292,965608,972116,971432,f,0,5824,4659,4659,80.00,80.00,0,0
Frag,972116,971606,977460,976950,f,0,5344,4275,4275,80.00,80.00,0,0
Frag,977454,977103,1081614,1081263,f,0,104160,83328,83328,80.00,80.00,0,0
Frag,979175,675716,979239,675780,f,0,64,51,51,80.00,80.00,0,0
Frag,979244,675785,979372,675913,f,0,128,102,102,80.00,80.00,0,0
Frag,979288,656015,979352,656079,f,0,64,51,51,80.00,80.00,0,0
Frag,988298,1311749,988362,1311813,f,0,64,51,51,80.00,80.00,0,0
Frag,988298,1316665,988362,1316729,f,0,64,51,51,80.00,80.00,0,0
Frag,988298,553319,988362,553383,f,0,64,51,51,80.00,80.00,0,0
Frag,988298,5830,988362,5894,f,0,64,51,51,80.00,80.00,0,0
Frag,988298,78927,988362,78991,f,0,64,51,51,80.00,80.00,0,0
Frag,988298,82117,988362,82181,f,0,64,51,51,80.00,80.00,0,0
Frag,988365,1316472,988525,1316632,f,0,160,128,128,80.00,80.00,0,0
Frag,988365,78734,988525,78894,f,0,160,128,128,80.00,80.00,0,0
Frag,988374,553135,988534,553295,f,0,160,128,128,80.00,80.00,0,0
Frag,988374,5646,988534,5806,f,0,160,128,128,80.00,80.00,0,0
Frag,988374,81933,988534,82093,f,0,160,128,128,80.00,80.00,0,0
Frag,988387,300059,988547,300219,f,0,160,128,128,80.00,80.00,0,0
Frag,992236,1287537,992460,1287761,f,0,224,179,179,80.00,80.00,0,0
Frag,998785,1318911,998849,1318975,f,0,64,51,51,80.00,80.00,0,0
Frag,998785,206914,999009,207138,f,0,224,179,179,80.00,80.00,0,0
Frag,998785,432239,999137,432591,f,0,352,281,281,80.00,80.00,0,0
